{"median_time_s": 0.03354410012252629, "runs": [0.03354410012252629, 0.03543130005709827, 0.03350339992903173]}
